rating_1,count,notread,probnotread,probread
1,26.364,24349,0.9235700197238659,0.07642998027613412
2,70.29,62097,0.8834400341442595,0.11655996585574047
3,250.562,205494,0.8201323424940733,0.1798676575059267
4,389.895,293452,0.7526436604726914,0.24735633952730862
5,368.308,254430,0.690807693560824,0.30919230643917595
